year,month,carrier,carrier_name,airport,airport_name,arr_flights,arr_del15,carrier_ct,weather_ct,nas_ct,security_ct,late_aircraft_ct,arr_cancelled,arr_diverted,arr_delay,carrier_delay,weather_delay,nas_delay,security_delay,late_aircraft_delay
2025,3,HA,Hawaiian Airlines Network,AUS,"Austin, TX: Austin - Bergstrom International",9.0,3.0,1.57,0.43,0.0,0.0,1.0,0.0,0.0,181.0,104.0,61.0,0.0,0.0,16.0
2025,3,HA,Hawaiian Airlines Network,LAX,"Los Angeles, CA: Los Angeles International",199.0,48.0,32.14,0.83,0.0,0.98,14.05,0.0,0.0,2831.0,1885.0,15.0,0.0,40.0,891.0
2025,3,HA,Hawaiian Airlines Network,SAN,"San Diego, CA: San Diego International",62.0,16.0,11.34,1.51,0.0,1.1,2.05,0.0,0.0,630.0,484.0,45.0,0.0,38.0,63.0
2025,3,HA,Hawaiian Airlines Network,SFO,"San Francisco, CA: San Francisco International",74.0,21.0,14.27,0.07,0.0,1.0,5.66,0.0,0.0,539.0,346.0,2.0,0.0,22.0,169.0
2025,3,MQ,Envoy Air,ATL,"Atlanta, GA: Hartsfield-Jackson Atlanta International",101.0,27.0,6.05,1.72,8.79,0.11,10.33,2.0,0.0,2101.0,454.0,144.0,633.0,27.0,843.0
2025,3,MQ,Envoy Air,AUS,"Austin, TX: Austin - Bergstrom International",149.0,38.0,13.8,1.2,8.98,0.65,13.37,5.0,1.0,1821.0,656.0,65.0,207.0,33.0,860.0
2025,3,MQ,Envoy Air,DFW,"Dallas/Fort Worth, TX: Dallas/Fort Worth International",5548.0,998.0,204.77,98.28,294.16,5.09,395.71,220.0,15.0,72786.0,20490.0,11359.0,13849.0,142.0,26946.0
2025,3,MQ,Envoy Air,IAH,"Houston, TX: George Bush Intercontinental/Houston",127.0,22.0,6.74,0.4,8.16,0.0,6.7,3.0,1.0,839.0,202.0,39.0,299.0,0.0,299.0
2025,3,MQ,Envoy Air,LAX,"Los Angeles, CA: Los Angeles International",31.0,0.0,0.0,0.0,0.0,0.0,0.0,0.0,0.0,0.0,0.0,0.0,0.0,0.0,0.0
2025,3,NK,Spirit Airlines,ATL,"Atlanta, GA: Hartsfield-Jackson Atlanta International",841.0,212.0,48.8,1.83,117.27,0.65,43.45,5.0,0.0,12554.0,3121.0,188.0,6245.0,64.0,2936.0
2025,3,NK,Spirit Airlines,AUS,"Austin, TX: Austin - Bergstrom International",111.0,22.0,4.94,0.0,14.72,0.21,2.13,0.0,0.0,1421.0,323.0,0.0,996.0,7.0,95.0
2025,3,NK,Spirit Airlines,DFW,"Dallas/Fort Worth, TX: Dallas/Fort Worth International",719.0,156.0,33.8,2.74,90.88,0.0,28.57,5.0,3.0,13388.0,3870.0,183.0,7310.0,0.0,2025.0
2025,3,NK,Spirit Airlines,IAH,"Houston, TX: George Bush Intercontinental/Houston",754.0,168.0,34.74,1.62,93.7,0.66,37.29,7.0,0.0,11201.0,2353.0,135.0,5725.0,39.0,2949.0
2025,3,NK,Spirit Airlines,LAX,"Los Angeles, CA: Los Angeles International",671.0,86.0,21.45,3.16,47.66,0.95,12.79,4.0,0.0,6257.0,1959.0,167.0,2804.0,39.0,1288.0
2025,3,NK,Spirit Airlines,SAN,"San Diego, CA: San Diego International",123.0,14.0,3.99,0.0,8.01,0.0,2.0,0.0,0.0,668.0,99.0,0.0,516.0,0.0,53.0
2025,3,OH,PSA Airlines Inc.,ATL,"Atlanta, GA: Hartsfield-Jackson Atlanta International",318.0,71.0,21.08,1.89,14.62,0.6,32.81,10.0,0.0,5376.0,1387.0,377.0,518.0,91.0,3003.0
2025,3,OH,PSA Airlines Inc.,DFW,"Dallas/Fort Worth, TX: Dallas/Fort Worth International",995.0,230.0,51.99,22.49,49.52,0.51,105.49,71.0,12.0,26554.0,7266.0,4144.0,2605.0,10.0,12529.0
2025,3,OH,PSA Airlines Inc.,IAH,"Houston, TX: George Bush Intercontinental/Houston",21.0,4.0,0.76,0.0,2.04,0.0,1.2,0.0,1.0,108.0,16.0,0.0,48.0,0.0,44.0
2025,3,OO,SkyWest Airlines Inc.,ATL,"Atlanta, GA: Hartsfield-Jackson Atlanta International",718.0,141.0,81.6,41.45,17.95,0.0,0.0,12.0,0.0,14692.0,8301.0,5174.0,1217.0,0.0,0.0
2025,3,OO,SkyWest Airlines Inc.,AUS,"Austin, TX: Austin - Bergstrom International",599.0,120.0,51.78,37.86,15.11,0.0,15.25,14.0,9.0,8357.0,3915.0,3023.0,705.0,0.0,714.0
2025,3,OO,SkyWest Airlines Inc.,DFW,"Dallas/Fort Worth, TX: Dallas/Fort Worth International",2787.0,671.0,334.86,122.8,100.03,2.7,110.61,176.0,13.0,64741.0,33946.0,14500.0,7308.0,121.0,8866.0
2025,3,OO,SkyWest Airlines Inc.,IAH,"Houston, TX: George Bush Intercontinental/Houston",1279.0,230.0,123.0,11.98,20.32,0.0,74.7,21.0,3.0,23328.0,12465.0,1720.0,1327.0,0.0,7816.0
2025,3,OO,SkyWest Airlines Inc.,LAX,"Los Angeles, CA: Los Angeles International",3605.0,503.0,258.27,80.59,74.9,0.0,89.24,31.0,2.0,44430.0,23692.0,8990.0,4759.0,0.0,6989.0
2025,3,OO,SkyWest Airlines Inc.,SAN,"San Diego, CA: San Diego International",1173.0,325.0,151.07,18.68,65.34,0.0,89.91,13.0,4.0,18233.0,6569.0,2128.0,3423.0,0.0,6113.0
2025,3,OO,SkyWest Airlines Inc.,SFO,"San Francisco, CA: San Francisco International",3028.0,773.0,264.58,24.07,354.46,0.0,129.89,44.0,15.0,64869.0,18890.0,3858.0,30557.0,0.0,11564.0
2025,3,QX,Horizon Air,LAX,"Los Angeles, CA: Los Angeles International",430.0,105.0,19.95,0.91,22.46,0.0,61.67,8.0,0.0,6319.0,1715.0,144.0,702.0,0.0,3758.0
2025,3,QX,Horizon Air,SAN,"San Diego, CA: San Diego International",178.0,46.0,8.12,1.18,12.91,0.0,23.79,0.0,1.0,2655.0,449.0,168.0,507.0,0.0,1531.0
2025,3,QX,Horizon Air,SFO,"San Francisco, CA: San Francisco International",466.0,142.0,13.57,0.64,85.64,0.0,42.15,15.0,1.0,8834.0,987.0,28.0,5355.0,0.0,2464.0
2025,3,UA,United Air Lines Network,ATL,"Atlanta, GA: Hartsfield-Jackson Atlanta International",562.0,109.0,44.16,1.74,30.03,0.0,33.08,4.0,1.0,6934.0,2596.0,181.0,1295.0,0.0,2862.0
2025,3,UA,United Air Lines Network,AUS,"Austin, TX: Austin - Bergstrom International",884.0,146.0,43.57,3.36,33.81,0.0,65.26,1.0,4.0,9837.0,2906.0,747.0,1416.0,0.0,4768.0
2025,3,UA,United Air Lines Network,DFW,"Dallas/Fort Worth, TX: Dallas/Fort Worth International",792.0,143.0,37.7,6.99,47.16,0.0,51.16,5.0,4.0,11636.0,2227.0,1053.0,3193.0,0.0,5163.0
2025,3,UA,United Air Lines Network,IAH,"Houston, TX: George Bush Intercontinental/Houston",5876.0,743.0,231.75,14.34,257.58,0.0,239.34,15.0,3.0,58497.0,20522.0,3138.0,9832.0,0.0,25005.0
2025,3,UA,United Air Lines Network,LAX,"Los Angeles, CA: Los Angeles International",2272.0,284.0,90.87,7.98,87.24,0.0,97.91,3.0,2.0,16246.0,5397.0,658.0,3173.0,0.0,7018.0
2025,3,UA,United Air Lines Network,SAN,"San Diego, CA: San Diego International",870.0,120.0,30.36,0.91,45.9,0.0,42.83,0.0,1.0,6858.0,1845.0,129.0,1599.0,0.0,3285.0
2025,3,UA,United Air Lines Network,SFO,"San Francisco, CA: San Francisco International",4608.0,950.0,177.12,35.25,546.97,0.0,190.65,10.0,1.0,73397.0,11970.0,3575.0,40766.0,0.0,17086.0
2025,3,WN,Southwest Airlines,ATL,"Atlanta, GA: Hartsfield-Jackson Atlanta International",2425.0,391.0,117.43,7.92,96.04,0.0,169.61,18.0,7.0,24795.0,6640.0,1232.0,4442.0,0.0,12481.0
2025,3,WN,Southwest Airlines,AUS,"Austin, TX: Austin - Bergstrom International",3260.0,521.0,147.98,13.58,110.75,1.52,247.18,30.0,17.0,30797.0,7847.0,1264.0,5785.0,33.0,15868.0
2025,3,WN,Southwest Airlines,LAX,"Los Angeles, CA: Los Angeles International",2136.0,377.0,128.8,4.29,52.06,0.59,191.26,7.0,2.0,19874.0,6027.0,238.0,1671.0,16.0,11922.0
2025,3,WN,Southwest Airlines,SAN,"San Diego, CA: San Diego International",2982.0,599.0,154.14,4.4,157.88,1.32,281.27,22.0,9.0,32408.0,7793.0,377.0,6171.0,129.0,17938.0
2025,3,WN,Southwest Airlines,SFO,"San Francisco, CA: San Francisco International",644.0,201.0,60.21,5.15,69.62,0.0,66.03,3.0,0.0,15189.0,5345.0,284.0,5102.0,0.0,4458.0
2025,3,YV,Mesa Airlines Inc.,ATL,"Atlanta, GA: Hartsfield-Jackson Atlanta International",60.0,8.0,3.74,0.0,1.8,0.0,2.46,0.0,0.0,1009.0,565.0,0.0,114.0,0.0,330.0
2025,3,YV,Mesa Airlines Inc.,AUS,"Austin, TX: Austin - Bergstrom International",20.0,1.0,0.0,0.0,1.0,0.0,0.0,1.0,1.0,23.0,0.0,0.0,23.0,0.0,0.0
2025,3,YV,Mesa Airlines Inc.,DFW,"Dallas/Fort Worth, TX: Dallas/Fort Worth International",68.0,17.0,5.3,0.0,6.94,0.0,4.76,2.0,0.0,1904.0,563.0,0.0,365.0,0.0,976.0
2025,3,YV,Mesa Airlines Inc.,IAH,"Houston, TX: George Bush Intercontinental/Houston",2479.0,346.0,126.62,10.94,93.01,0.0,115.43,25.0,6.0,33343.0,12180.0,2593.0,3699.0,0.0,14871.0
2025,3,YX,Republic Airline,ATL,"Atlanta, GA: Hartsfield-Jackson Atlanta International",100.0,21.0,4.3,0.0,7.18,0.0,9.52,0.0,0.0,1468.0,305.0,0.0,283.0,0.0,880.0
2025,3,YX,Republic Airline,AUS,"Austin, TX: Austin - Bergstrom International",13.0,1.0,0.0,0.0,1.0,0.0,0.0,0.0,1.0,19.0,0.0,0.0,19.0,0.0,0.0
2025,3,YX,Republic Airline,DFW,"Dallas/Fort Worth, TX: Dallas/Fort Worth International",5.0,0.0,0.0,0.0,0.0,0.0,0.0,0.0,0.0,0.0,0.0,0.0,0.0,0.0,0.0
2025,3,YX,Republic Airline,IAH,"Houston, TX: George Bush Intercontinental/Houston",51.0,10.0,1.34,0.05,5.95,0.0,2.66,0.0,0.0,595.0,52.0,3.0,317.0,0.0,223.0
2025,3,9E,Endeavor Air Inc.,ATL,"Atlanta, GA: Hartsfield-Jackson Atlanta International",3477.0,626.0,114.36,25.75,131.19,0.0,354.7,9.0,1.0,57690.0,16086.0,5779.0,6150.0,0.0,29675.0
2025,3,AA,American Airlines Network,ATL,"Atlanta, GA: Hartsfield-Jackson Atlanta International",545.0,139.0,54.65,3.88,34.07,0.0,46.4,12.0,0.0,11206.0,5004.0,1027.0,1513.0,0.0,3662.0
2025,3,AA,American Airlines Network,AUS,"Austin, TX: Austin - Bergstrom International",966.0,250.0,75.82,3.94,61.57,1.43,107.24,19.0,8.0,19917.0,5513.0,283.0,2690.0,35.0,11396.0
2025,3,AA,American Airlines Network,DFW,"Dallas/Fort Worth, TX: Dallas/Fort Worth International",14267.0,3105.0,702.31,160.03,1046.47,4.67,1191.53,355.0,72.0,292399.0,89820.0,30690.0,53388.0,199.0,118302.0
2025,3,AA,American Airlines Network,IAH,"Houston, TX: George Bush Intercontinental/Houston",565.0,179.0,50.78,5.33,41.06,1.03,80.79,12.0,0.0,12236.0,2241.0,696.0,1749.0,49.0,7501.0
2025,3,AA,American Airlines Network,LAX,"Los Angeles, CA: Los Angeles International",2595.0,494.0,171.32,12.28,152.45,1.78,156.18,13.0,1.0,43066.0,18615.0,1358.0,5281.0,63.0,17749.0
2025,3,AA,American Airlines Network,SAN,"San Diego, CA: San Diego International",816.0,198.0,61.5,2.5,69.9,0.34,63.76,12.0,4.0,11445.0,3880.0,177.0,2731.0,19.0,4638.0
2025,3,AA,American Airlines Network,SFO,"San Francisco, CA: San Francisco International",983.0,267.0,73.95,3.6,100.47,0.0,88.98,8.0,3.0,18660.0,5637.0,293.0,4544.0,0.0,8186.0
2025,3,AS,Alaska Airlines Network,ATL,"Atlanta, GA: Hartsfield-Jackson Atlanta International",98.0,26.0,4.44,0.25,19.94,0.0,1.37,0.0,1.0,928.0,168.0,39.0,669.0,0.0,52.0
2025,3,AS,Alaska Airlines Network,AUS,"Austin, TX: Austin - Bergstrom International",183.0,26.0,7.49,0.0,7.72,0.0,10.79,1.0,1.0,1183.0,384.0,0.0,228.0,0.0,571.0
2025,3,AS,Alaska Airlines Network,DFW,"Dallas/Fort Worth, TX: Dallas/Fort Worth International",152.0,40.0,10.16,1.87,19.83,0.0,8.14,0.0,1.0,1670.0,488.0,67.0,770.0,0.0,345.0
2025,3,AS,Alaska Airlines Network,IAH,"Houston, TX: George Bush Intercontinental/Houston",62.0,16.0,9.36,0.0,2.16,0.0,4.48,1.0,0.0,587.0,366.0,0.0,103.0,0.0,118.0
2025,3,AS,Alaska Airlines Network,LAX,"Los Angeles, CA: Los Angeles International",658.0,119.0,29.08,2.38,49.91,0.0,37.63,5.0,0.0,4497.0,1047.0,161.0,1418.0,0.0,1871.0
2025,3,AS,Alaska Airlines Network,SAN,"San Diego, CA: San Diego International",824.0,179.0,34.52,3.08,94.35,0.48,46.57,6.0,5.0,8067.0,1932.0,183.0,3268.0,23.0,2661.0
2025,3,AS,Alaska Airlines Network,SFO,"San Francisco, CA: San Francisco International",781.0,226.0,30.64,5.22,114.82,1.0,74.32,5.0,0.0,14317.0,1865.0,402.0,6896.0,19.0,5135.0
2025,3,B6,JetBlue Airways,ATL,"Atlanta, GA: Hartsfield-Jackson Atlanta International",160.0,40.0,14.44,0.54,10.82,0.0,14.2,1.0,1.0,2819.0,697.0,149.0,672.0,0.0,1301.0
2025,3,B6,JetBlue Airways,AUS,"Austin, TX: Austin - Bergstrom International",31.0,9.0,2.41,0.0,1.03,0.0,5.56,0.0,1.0,698.0,218.0,0.0,51.0,0.0,429.0
2025,3,B6,JetBlue Airways,DFW,"Dallas/Fort Worth, TX: Dallas/Fort Worth International",31.0,6.0,1.84,0.0,3.17,0.0,0.99,0.0,0.0,290.0,73.0,0.0,131.0,0.0,86.0
2025,3,B6,JetBlue Airways,IAH,"Houston, TX: George Bush Intercontinental/Houston",62.0,22.0,8.48,0.0,7.58,0.0,5.95,0.0,0.0,1019.0,368.0,0.0,280.0,0.0,371.0
2025,3,B6,JetBlue Airways,LAX,"Los Angeles, CA: Los Angeles International",608.0,98.0,27.84,1.88,47.77,0.07,20.44,2.0,2.0,7345.0,1844.0,270.0,2079.0,15.0,3137.0
2025,3,B6,JetBlue Airways,SAN,"San Diego, CA: San Diego International",124.0,16.0,5.23,0.0,8.96,0.0,1.81,1.0,0.0,607.0,153.0,0.0,282.0,0.0,172.0
2025,3,B6,JetBlue Airways,SFO,"San Francisco, CA: San Francisco International",312.0,61.0,9.4,0.48,34.19,0.0,16.93,2.0,2.0,5000.0,859.0,193.0,1583.0,0.0,2365.0
2025,3,C5,CommuteAir LLC dba CommuteAir,IAH,"Houston, TX: George Bush Intercontinental/Houston",2024.0,216.0,48.53,18.0,60.2,0.0,89.27,52.0,1.0,20911.0,6231.0,2157.0,2483.0,0.0,10040.0
2025,3,DL,Delta Air Lines Network,ATL,"Atlanta, GA: Hartsfield-Jackson Atlanta International",19514.0,2938.0,814.86,80.75,701.39,0.95,1340.05,114.0,18.0,241658.0,85143.0,15254.0,39539.0,60.0,101662.0
2025,3,DL,Delta Air Lines Network,AUS,"Austin, TX: Austin - Bergstrom International",956.0,152.0,58.65,1.12,41.11,0.0,51.11,5.0,6.0,10328.0,4480.0,38.0,2312.0,0.0,3498.0
2025,3,DL,Delta Air Lines Network,DFW,"Dallas/Fort Worth, TX: Dallas/Fort Worth International",1004.0,235.0,89.87,3.74,87.71,0.0,53.68,9.0,8.0,15314.0,6216.0,477.0,5056.0,0.0,3565.0
2025,3,DL,Delta Air Lines Network,IAH,"Houston, TX: George Bush Intercontinental/Houston",675.0,110.0,49.78,1.35,34.34,0.0,24.53,3.0,2.0,6421.0,3738.0,55.0,1193.0,0.0,1435.0
2025,3,DL,Delta Air Lines Network,LAX,"Los Angeles, CA: Los Angeles International",2942.0,481.0,172.53,4.51,154.3,0.0,149.66,8.0,7.0,34964.0,18148.0,234.0,5385.0,0.0,11197.0
2025,3,DL,Delta Air Lines Network,SAN,"San Diego, CA: San Diego International",774.0,152.0,55.48,1.39,61.81,0.0,33.32,1.0,5.0,7894.0,3534.0,127.0,2054.0,0.0,2179.0
2025,3,DL,Delta Air Lines Network,SFO,"San Francisco, CA: San Francisco International",1082.0,260.0,69.36,2.09,142.91,0.0,45.64,2.0,2.0,16396.0,4926.0,183.0,8060.0,0.0,3227.0
2025,3,F9,Frontier Airlines,ATL,"Atlanta, GA: Hartsfield-Jackson Atlanta International",1071.0,350.0,81.79,5.1,107.87,0.0,155.24,26.0,2.0,26405.0,9134.0,207.0,4902.0,0.0,12162.0
2025,3,F9,Frontier Airlines,AUS,"Austin, TX: Austin - Bergstrom International",154.0,36.0,13.63,0.46,5.82,0.0,16.08,1.0,1.0,2805.0,794.0,19.0,148.0,0.0,1844.0
2025,3,F9,Frontier Airlines,DFW,"Dallas/Fort Worth, TX: Dallas/Fort Worth International",787.0,192.0,50.52,3.7,61.45,0.0,76.32,24.0,4.0,19189.0,7427.0,165.0,4030.0,0.0,7567.0
2025,3,F9,Frontier Airlines,IAH,"Houston, TX: George Bush Intercontinental/Houston",379.0,110.0,26.89,0.23,54.55,0.0,28.32,5.0,0.0,6200.0,1502.0,17.0,2596.0,0.0,2085.0
2025,3,F9,Frontier Airlines,LAX,"Los Angeles, CA: Los Angeles International",442.0,95.0,22.94,0.62,20.51,0.0,50.94,3.0,0.0,5791.0,1296.0,34.0,1103.0,0.0,3358.0
2025,3,F9,Frontier Airlines,SAN,"San Diego, CA: San Diego International",181.0,37.0,12.08,0.69,7.32,0.0,16.9,4.0,1.0,2514.0,967.0,39.0,397.0,0.0,1111.0
2025,3,F9,Frontier Airlines,SFO,"San Francisco, CA: San Francisco International",387.0,105.0,15.14,0.36,57.63,0.0,31.87,7.0,0.0,7406.0,834.0,26.0,4192.0,0.0,2354.0
2025,3,G4,Allegiant Air,AUS,"Austin, TX: Austin - Bergstrom International",51.0,7.0,0.5,0.9,2.1,0.0,3.5,0.0,0.0,355.0,16.0,98.0,111.0,0.0,130.0
2025,3,G4,Allegiant Air,LAX,"Los Angeles, CA: Los Angeles International",54.0,4.0,1.09,0.0,0.82,0.0,2.08,0.0,0.0,150.0,29.0,0.0,14.0,0.0,107.0
2025,3,G4,Allegiant Air,SAN,"San Diego, CA: San Diego International",9.0,1.0,0.21,0.0,0.79,0.0,0.0,0.0,0.0,19.0,4.0,0.0,15.0,0.0,0.0
2025,2,9E,Endeavor Air Inc.,ATL,"Atlanta, GA: Hartsfield-Jackson Atlanta International",2700.0,416.0,83.87,16.73,143.26,0.16,171.98,24.0,3.0,33668.0,10723.0,1790.0,6851.0,15.0,14289.0
2025,2,AA,American Airlines Network,ATL,"Atlanta, GA: Hartsfield-Jackson Atlanta International",466.0,93.0,41.48,1.21,14.35,0.0,35.96,5.0,0.0,7026.0,3227.0,60.0,777.0,0.0,2962.0
2025,2,AA,American Airlines Network,AUS,"Austin, TX: Austin - Bergstrom International",892.0,178.0,52.82,8.97,33.63,0.0,82.58,8.0,0.0,13577.0,4206.0,838.0,1591.0,0.0,6942.0
2025,2,AA,American Airlines Network,DFW,"Dallas/Fort Worth, TX: Dallas/Fort Worth International",11875.0,2223.0,576.36,80.56,750.27,4.19,811.62,123.0,14.0,196444.0,75568.0,8740.0,31356.0,145.0,80635.0
2025,2,AA,American Airlines Network,IAH,"Houston, TX: George Bush Intercontinental/Houston",509.0,127.0,49.45,2.2,33.34,0.0,42.01,4.0,3.0,7879.0,2761.0,162.0,1745.0,0.0,3211.0
2025,2,AA,American Airlines Network,LAX,"Los Angeles, CA: Los Angeles International",2201.0,397.0,124.87,10.54,161.4,2.31,97.88,14.0,5.0,25519.0,10315.0,890.0,6413.0,95.0,7806.0
2025,2,AA,American Airlines Network,SAN,"San Diego, CA: San Diego International",663.0,169.0,52.79,5.01,72.85,0.75,37.6,2.0,1.0,9064.0,4220.0,340.0,2457.0,15.0,2032.0
2025,2,AA,American Airlines Network,SFO,"San Francisco, CA: San Francisco International",811.0,221.0,49.77,6.32,124.37,1.04,39.5,5.0,1.0,13784.0,3409.0,428.0,6167.0,56.0,3724.0
2025,2,AS,Alaska Airlines Network,ATL,"Atlanta, GA: Hartsfield-Jackson Atlanta International",68.0,17.0,2.4,0.15,9.86,0.0,4.58,0.0,1.0,585.0,156.0,17.0,281.0,0.0,131.0
2025,2,AS,Alaska Airlines Network,AUS,"Austin, TX: Austin - Bergstrom International",154.0,35.0,5.36,1.27,12.81,0.0,15.56,1.0,0.0,1662.0,313.0,57.0,415.0,0.0,877.0
2025,2,AS,Alaska Airlines Network,DFW,"Dallas/Fort Worth, TX: Dallas/Fort Worth International",136.0,32.0,3.21,2.2,15.48,0.0,11.11,1.0,0.0,1224.0,133.0,218.0,503.0,0.0,370.0
2025,2,AS,Alaska Airlines Network,IAH,"Houston, TX: George Bush Intercontinental/Houston",56.0,11.0,5.0,1.0,1.0,0.0,4.0,0.0,0.0,408.0,244.0,19.0,55.0,0.0,90.0
2025,2,AS,Alaska Airlines Network,LAX,"Los Angeles, CA: Los Angeles International",589.0,119.0,35.51,4.44,45.68,0.0,33.37,16.0,2.0,6426.0,1785.0,396.0,1723.0,0.0,2522.0
2025,2,AS,Alaska Airlines Network,SAN,"San Diego, CA: San Diego International",651.0,177.0,37.18,4.48,90.38,1.67,43.3,12.0,4.0,8058.0,2083.0,335.0,3224.0,42.0,2374.0
2025,2,AS,Alaska Airlines Network,SFO,"San Francisco, CA: San Francisco International",648.0,216.0,34.58,6.48,109.94,0.0,65.0,15.0,5.0,15229.0,2627.0,415.0,7718.0,0.0,4469.0
2025,2,B6,JetBlue Airways,ATL,"Atlanta, GA: Hartsfield-Jackson Atlanta International",156.0,58.0,23.73,2.05,17.73,0.0,14.49,4.0,2.0,5150.0,2058.0,629.0,748.0,0.0,1715.0
2025,2,B6,JetBlue Airways,AUS,"Austin, TX: Austin - Bergstrom International",18.0,4.0,0.0,0.67,2.48,0.0,0.85,1.0,0.0,274.0,0.0,50.0,102.0,0.0,122.0
2025,2,B6,JetBlue Airways,DFW,"Dallas/Fort Worth, TX: Dallas/Fort Worth International",22.0,8.0,1.8,0.03,6.17,0.0,0.0,1.0,0.0,493.0,72.0,4.0,417.0,0.0,0.0
2025,2,B6,JetBlue Airways,IAH,"Houston, TX: George Bush Intercontinental/Houston",42.0,11.0,3.29,0.85,5.39,0.0,1.47,0.0,0.0,789.0,348.0,35.0,255.0,0.0,151.0
2025,2,B6,JetBlue Airways,LAX,"Los Angeles, CA: Los Angeles International",514.0,139.0,23.18,3.78,90.31,0.16,21.57,7.0,1.0,9039.0,1988.0,721.0,4185.0,11.0,2134.0
2025,2,B6,JetBlue Airways,SAN,"San Diego, CA: San Diego International",104.0,40.0,6.64,1.4,29.99,0.0,1.98,4.0,0.0,1678.0,281.0,127.0,1200.0,0.0,70.0
2025,2,B6,JetBlue Airways,SFO,"San Francisco, CA: San Francisco International",277.0,100.0,11.44,1.94,77.66,0.0,8.96,4.0,1.0,5038.0,767.0,124.0,3626.0,0.0,521.0
2025,2,C5,CommuteAir LLC dba CommuteAir,IAH,"Houston, TX: George Bush Intercontinental/Houston",1723.0,245.0,68.52,15.15,61.09,0.0,100.24,9.0,6.0,26914.0,9756.0,1415.0,2452.0,0.0,13291.0
2025,2,DL,Delta Air Lines Network,ATL,"Atlanta, GA: Hartsfield-Jackson Atlanta International",16713.0,2935.0,778.04,104.07,864.23,1.55,1187.11,33.0,10.0,219491.0,90029.0,11521.0,37043.0,46.0,80852.0
2025,2,DL,Delta Air Lines Network,AUS,"Austin, TX: Austin - Bergstrom International",743.0,137.0,64.63,0.81,35.24,0.0,36.32,1.0,0.0,10935.0,6287.0,60.0,1718.0,0.0,2870.0
2025,2,DL,Delta Air Lines Network,DFW,"Dallas/Fort Worth, TX: Dallas/Fort Worth International",892.0,194.0,74.5,5.24,62.7,0.0,51.56,7.0,0.0,12949.0,5046.0,607.0,3425.0,0.0,3871.0
2025,2,DL,Delta Air Lines Network,IAH,"Houston, TX: George Bush Intercontinental/Houston",550.0,115.0,51.05,4.13,39.56,0.0,20.26,1.0,0.0,7207.0,3541.0,407.0,1473.0,0.0,1786.0
2025,2,DL,Delta Air Lines Network,LAX,"Los Angeles, CA: Los Angeles International",2472.0,490.0,166.24,11.23,174.97,1.54,136.02,2.0,5.0,41240.0,21630.0,842.0,7552.0,145.0,11071.0
2025,2,DL,Delta Air Lines Network,SAN,"San Diego, CA: San Diego International",641.0,142.0,36.73,2.48,81.33,0.0,21.46,0.0,1.0,7194.0,2438.0,139.0,3076.0,0.0,1541.0
2025,2,DL,Delta Air Lines Network,SFO,"San Francisco, CA: San Francisco International",900.0,296.0,73.93,3.72,173.76,0.87,43.73,3.0,0.0,19903.0,7064.0,306.0,9060.0,33.0,3440.0
2025,2,F9,Frontier Airlines,ATL,"Atlanta, GA: Hartsfield-Jackson Atlanta International",907.0,319.0,48.47,3.51,117.59,0.0,149.43,10.0,1.0,23707.0,3708.0,150.0,5358.0,0.0,14491.0
2025,2,F9,Frontier Airlines,AUS,"Austin, TX: Austin - Bergstrom International",77.0,18.0,3.41,0.11,4.21,0.0,10.27,0.0,0.0,874.0,124.0,3.0,128.0,0.0,619.0
2025,2,F9,Frontier Airlines,DFW,"Dallas/Fort Worth, TX: Dallas/Fort Worth International",654.0,142.0,29.35,1.82,52.08,0.0,58.74,8.0,0.0,10971.0,2921.0,182.0,2280.0,0.0,5588.0
2025,2,F9,Frontier Airlines,IAH,"Houston, TX: George Bush Intercontinental/Houston",303.0,80.0,11.58,2.27,44.06,0.0,22.08,2.0,0.0,4106.0,532.0,150.0,1810.0,0.0,1614.0
2025,2,F9,Frontier Airlines,LAX,"Los Angeles, CA: Los Angeles International",367.0,68.0,16.48,2.61,18.47,0.0,30.44,3.0,1.0,5355.0,2122.0,233.0,806.0,0.0,2194.0
2025,2,F9,Frontier Airlines,SAN,"San Diego, CA: San Diego International",197.0,46.0,10.72,2.76,14.25,0.0,18.27,1.0,1.0,3681.0,1140.0,545.0,629.0,0.0,1367.0
2025,2,F9,Frontier Airlines,SFO,"San Francisco, CA: San Francisco International",327.0,106.0,17.89,0.34,57.69,0.0,30.08,3.0,0.0,9167.0,1557.0,25.0,5158.0,0.0,2427.0
2025,2,G4,Allegiant Air,AUS,"Austin, TX: Austin - Bergstrom International",24.0,6.0,2.02,0.0,1.66,0.0,2.32,0.0,0.0,622.0,444.0,0.0,42.0,0.0,136.0
2025,2,G4,Allegiant Air,LAX,"Los Angeles, CA: Los Angeles International",24.0,3.0,0.0,0.0,2.02,0.0,0.98,0.0,0.0,266.0,0.0,0.0,66.0,0.0,200.0
2025,2,G4,Allegiant Air,SAN,"San Diego, CA: San Diego International",8.0,4.0,0.33,1.29,2.37,0.0,0.0,0.0,0.0,297.0,13.0,111.0,173.0,0.0,0.0
2025,2,HA,Hawaiian Airlines Network,AUS,"Austin, TX: Austin - Bergstrom International",8.0,2.0,2.0,0.0,0.0,0.0,0.0,0.0,0.0,40.0,40.0,0.0,0.0,0.0,0.0
2025,2,HA,Hawaiian Airlines Network,LAX,"Los Angeles, CA: Los Angeles International",168.0,38.0,30.55,2.24,0.0,0.0,5.2,0.0,2.0,2169.0,1545.0,60.0,0.0,0.0,564.0
2025,2,HA,Hawaiian Airlines Network,SAN,"San Diego, CA: San Diego International",56.0,15.0,9.47,1.96,0.0,0.0,3.57,0.0,1.0,545.0,299.0,38.0,0.0,0.0,208.0
2025,2,HA,Hawaiian Airlines Network,SFO,"San Francisco, CA: San Francisco International",52.0,11.0,8.0,0.0,0.0,1.0,2.0,0.0,0.0,493.0,379.0,0.0,0.0,22.0,92.0
2025,2,MQ,Envoy Air,ATL,"Atlanta, GA: Hartsfield-Jackson Atlanta International",71.0,13.0,1.55,0.1,7.11,0.0,4.24,2.0,0.0,763.0,220.0,11.0,238.0,0.0,294.0
2025,2,MQ,Envoy Air,AUS,"Austin, TX: Austin - Bergstrom International",65.0,10.0,2.01,0.12,6.51,0.0,1.36,2.0,0.0,447.0,96.0,9.0,289.0,0.0,53.0
2025,2,MQ,Envoy Air,DFW,"Dallas/Fort Worth, TX: Dallas/Fort Worth International",4735.0,822.0,189.95,45.43,263.15,0.79,322.68,84.0,13.0,56047.0,17169.0,4692.0,10346.0,54.0,23786.0
2025,2,MQ,Envoy Air,IAH,"Houston, TX: George Bush Intercontinental/Houston",70.0,12.0,3.9,0.04,5.21,0.0,2.85,2.0,0.0,580.0,143.0,1.0,178.0,0.0,258.0
2025,2,MQ,Envoy Air,LAX,"Los Angeles, CA: Los Angeles International",19.0,0.0,0.0,0.0,0.0,0.0,0.0,0.0,0.0,0.0,0.0,0.0,0.0,0.0,0.0
2025,2,NK,Spirit Airlines,ATL,"Atlanta, GA: Hartsfield-Jackson Atlanta International",654.0,178.0,32.81,3.67,110.92,0.98,29.62,2.0,0.0,11123.0,2399.0,157.0,6461.0,49.0,2057.0
2025,2,NK,Spirit Airlines,AUS,"Austin, TX: Austin - Bergstrom International",60.0,13.0,5.35,0.0,4.56,0.0,3.08,1.0,0.0,939.0,428.0,0.0,417.0,0.0,94.0
2025,2,NK,Spirit Airlines,DFW,"Dallas/Fort Worth, TX: Dallas/Fort Worth International",515.0,97.0,24.43,0.16,49.31,0.0,23.09,2.0,0.0,6516.0,1884.0,16.0,3103.0,0.0,1513.0
2025,2,NK,Spirit Airlines,IAH,"Houston, TX: George Bush Intercontinental/Houston",560.0,105.0,29.61,0.56,58.71,0.0,16.12,2.0,0.0,8746.0,2570.0,9.0,3824.0,0.0,2343.0
2025,2,NK,Spirit Airlines,LAX,"Los Angeles, CA: Los Angeles International",609.0,111.0,23.29,3.53,63.73,1.07,19.38,6.0,1.0,5618.0,1339.0,238.0,3115.0,24.0,902.0
2025,2,NK,Spirit Airlines,SAN,"San Diego, CA: San Diego International",135.0,27.0,3.61,0.05,17.36,0.0,5.97,1.0,0.0,1539.0,155.0,5.0,993.0,0.0,386.0
2025,2,OH,PSA Airlines Inc.,ATL,"Atlanta, GA: Hartsfield-Jackson Atlanta International",278.0,85.0,26.79,4.07,15.65,1.0,37.49,18.0,0.0,6180.0,1656.0,195.0,773.0,72.0,3484.0
2025,2,OH,PSA Airlines Inc.,DFW,"Dallas/Fort Worth, TX: Dallas/Fort Worth International",943.0,254.0,71.66,14.2,53.15,1.0,114.0,51.0,4.0,23840.0,9720.0,992.0,2186.0,26.0,10916.0
2025,2,OH,PSA Airlines Inc.,IAH,"Houston, TX: George Bush Intercontinental/Houston",10.0,4.0,2.45,0.0,1.55,0.0,0.0,1.0,2.0,207.0,149.0,0.0,58.0,0.0,0.0
2025,2,OO,SkyWest Airlines Inc.,ATL,"Atlanta, GA: Hartsfield-Jackson Atlanta International",621.0,162.0,104.89,33.64,23.47,0.0,0.0,8.0,0.0,16979.0,11274.0,3978.0,1727.0,0.0,0.0
2025,2,OO,SkyWest Airlines Inc.,AUS,"Austin, TX: Austin - Bergstrom International",469.0,96.0,53.34,14.32,11.38,0.0,16.97,4.0,1.0,6860.0,3252.0,1174.0,680.0,0.0,1754.0
2025,2,OO,SkyWest Airlines Inc.,DFW,"Dallas/Fort Worth, TX: Dallas/Fort Worth International",2375.0,660.0,379.67,93.93,66.15,1.3,118.95,62.0,3.0,65120.0,41216.0,11995.0,3912.0,103.0,7894.0
2025,2,OO,SkyWest Airlines Inc.,IAH,"Houston, TX: George Bush Intercontinental/Houston",966.0,207.0,94.31,15.4,27.43,1.0,68.86,16.0,4.0,20075.0,7694.0,3014.0,1990.0,113.0,7264.0
2025,2,OO,SkyWest Airlines Inc.,LAX,"Los Angeles, CA: Los Angeles International",3186.0,581.0,307.05,74.82,84.73,1.0,113.4,35.0,7.0,48418.0,26419.0,5941.0,6530.0,52.0,9476.0
2025,2,OO,SkyWest Airlines Inc.,SAN,"San Diego, CA: San Diego International",1014.0,299.0,133.92,22.1,69.62,0.0,73.36,26.0,0.0,16885.0,6099.0,1883.0,4624.0,0.0,4279.0
2025,2,OO,SkyWest Airlines Inc.,SFO,"San Francisco, CA: San Francisco International",2434.0,584.0,191.45,28.37,232.16,1.0,131.03,76.0,4.0,45675.0,10873.0,2550.0,21432.0,20.0,10800.0
2025,2,QX,Horizon Air,LAX,"Los Angeles, CA: Los Angeles International",383.0,101.0,19.41,3.24,21.6,0.0,56.75,12.0,0.0,7188.0,1611.0,178.0,945.0,0.0,4454.0
2025,2,QX,Horizon Air,SAN,"San Diego, CA: San Diego International",167.0,69.0,9.41,0.13,25.6,0.0,33.86,3.0,0.0,3940.0,460.0,11.0,1252.0,0.0,2217.0
2025,2,QX,Horizon Air,SFO,"San Francisco, CA: San Francisco International",366.0,107.0,11.23,0.9,58.82,0.0,36.04,10.0,1.0,7908.0,622.0,90.0,4513.0,0.0,2683.0
2025,2,UA,United Air Lines Network,ATL,"Atlanta, GA: Hartsfield-Jackson Atlanta International",530.0,101.0,29.75,2.61,34.53,0.0,34.11,1.0,1.0,5864.0,1582.0,238.0,1392.0,0.0,2652.0
2025,2,UA,United Air Lines Network,AUS,"Austin, TX: Austin - Bergstrom International",692.0,131.0,45.99,3.73,46.31,0.0,34.97,1.0,0.0,7556.0,2023.0,293.0,1743.0,0.0,3497.0
2025,2,UA,United Air Lines Network,DFW,"Dallas/Fort Worth, TX: Dallas/Fort Worth International",706.0,142.0,55.83,4.54,43.87,0.0,37.76,3.0,0.0,7063.0,2825.0,323.0,1498.0,0.0,2417.0
2025,2,UA,United Air Lines Network,IAH,"Houston, TX: George Bush Intercontinental/Houston",5345.0,831.0,244.64,15.32,347.92,0.0,223.11,11.0,9.0,47695.0,13142.0,1662.0,12962.0,0.0,19929.0
2025,2,UA,United Air Lines Network,LAX,"Los Angeles, CA: Los Angeles International",1923.0,318.0,96.71,7.68,115.99,0.0,97.62,8.0,2.0,21746.0,6579.0,636.0,4844.0,0.0,9687.0
2025,2,UA,United Air Lines Network,SAN,"San Diego, CA: San Diego International",728.0,146.0,42.0,6.2,74.21,0.0,23.59,1.0,0.0,7517.0,2205.0,610.0,2824.0,0.0,1878.0
2025,2,UA,United Air Lines Network,SFO,"San Francisco, CA: San Francisco International",3957.0,913.0,175.23,32.37,553.75,0.0,151.66,9.0,7.0,66957.0,10696.0,4037.0,37841.0,0.0,14383.0
2025,2,WN,Southwest Airlines,ATL,"Atlanta, GA: Hartsfield-Jackson Atlanta International",2103.0,357.0,97.25,11.04,108.01,0.62,140.07,12.0,1.0,20483.0,5559.0,751.0,4578.0,86.0,9509.0
2025,2,WN,Southwest Airlines,AUS,"Austin, TX: Austin - Bergstrom International",2636.0,428.0,119.27,2.32,103.57,0.65,202.18,7.0,2.0,22335.0,6111.0,101.0,3603.0,60.0,12460.0
2025,2,WN,Southwest Airlines,LAX,"Los Angeles, CA: Los Angeles International",1711.0,276.0,86.78,2.24,46.48,2.18,138.32,8.0,0.0,13568.0,4869.0,130.0,1532.0,49.0,6988.0
2025,2,WN,Southwest Airlines,SAN,"San Diego, CA: San Diego International",2409.0,467.0,116.47,8.31,129.29,0.91,212.02,13.0,3.0,23667.0,5668.0,434.0,5117.0,48.0,12400.0
2025,2,WN,Southwest Airlines,SFO,"San Francisco, CA: San Francisco International",533.0,187.0,35.22,9.37,91.06,0.0,51.35,0.0,0.0,13076.0,2257.0,1173.0,6539.0,0.0,3107.0
2025,2,YV,Mesa Airlines Inc.,ATL,"Atlanta, GA: Hartsfield-Jackson Atlanta International",23.0,5.0,1.28,0.0,2.0,0.0,1.72,0.0,0.0,401.0,90.0,0.0,45.0,0.0,266.0
2025,2,YV,Mesa Airlines Inc.,AUS,"Austin, TX: Austin - Bergstrom International",35.0,5.0,1.81,0.0,1.0,0.0,2.19,0.0,0.0,511.0,225.0,0.0,22.0,0.0,264.0
2025,2,YV,Mesa Airlines Inc.,DFW,"Dallas/Fort Worth, TX: Dallas/Fort Worth International",65.0,10.0,5.29,1.48,1.25,0.0,1.98,0.0,0.0,741.0,222.0,189.0,135.0,0.0,195.0
2025,2,YV,Mesa Airlines Inc.,IAH,"Houston, TX: George Bush Intercontinental/Houston",2187.0,371.0,103.14,20.64,142.74,0.0,104.49,16.0,16.0,34953.0,8979.0,5536.0,6786.0,0.0,13652.0
2025,2,YX,Republic Airline,ATL,"Atlanta, GA: Hartsfield-Jackson Atlanta International",68.0,18.0,2.03,0.85,6.21,0.0,8.92,3.0,0.0,990.0,95.0,70.0,252.0,0.0,573.0
2025,2,YX,Republic Airline,AUS,"Austin, TX: Austin - Bergstrom International",5.0,1.0,1.0,0.0,0.0,0.0,0.0,0.0,0.0,26.0,26.0,0.0,0.0,0.0,0.0
2025,2,YX,Republic Airline,DFW,"Dallas/Fort Worth, TX: Dallas/Fort Worth International",4.0,0.0,0.0,0.0,0.0,0.0,0.0,0.0,1.0,0.0,0.0,0.0,0.0,0.0,0.0
2025,2,YX,Republic Airline,IAH,"Houston, TX: George Bush Intercontinental/Houston",50.0,13.0,2.3,1.43,4.09,0.0,5.18,1.0,0.0,1132.0,307.0,102.0,263.0,0.0,460.0
2025,1,G4,Allegiant Air,LAX,"Los Angeles, CA: Los Angeles International",37.0,11.0,1.32,1.76,3.73,0.0,4.19,1.0,0.0,1191.0,43.0,209.0,157.0,0.0,782.0
2025,1,G4,Allegiant Air,SAN,"San Diego, CA: San Diego International",9.0,1.0,0.35,0.0,0.65,0.0,0.0,0.0,0.0,43.0,15.0,0.0,28.0,0.0,0.0
2025,1,HA,Hawaiian Airlines Network,AUS,"Austin, TX: Austin - Bergstrom International",10.0,4.0,3.0,1.0,0.0,0.0,0.0,0.0,0.0,174.0,111.0,63.0,0.0,0.0,0.0
2025,1,HA,Hawaiian Airlines Network,LAX,"Los Angeles, CA: Los Angeles International",191.0,48.0,42.61,0.0,0.87,0.0,4.52,4.0,0.0,2245.0,1793.0,0.0,20.0,0.0,432.0
2025,1,HA,Hawaiian Airlines Network,SAN,"San Diego, CA: San Diego International",62.0,24.0,20.72,1.22,0.0,0.0,2.07,0.0,1.0,1144.0,896.0,74.0,0.0,0.0,174.0
2025,1,HA,Hawaiian Airlines Network,SFO,"San Francisco, CA: San Francisco International",65.0,18.0,15.24,0.0,0.16,0.0,2.6,2.0,0.0,862.0,714.0,0.0,7.0,0.0,141.0
2025,1,MQ,Envoy Air,ATL,"Atlanta, GA: Hartsfield-Jackson Atlanta International",100.0,17.0,6.07,1.17,5.73,0.0,4.02,7.0,0.0,919.0,341.0,86.0,262.0,0.0,230.0
2025,1,MQ,Envoy Air,AUS,"Austin, TX: Austin - Bergstrom International",42.0,11.0,1.63,0.7,6.25,0.0,2.42,1.0,0.0,480.0,81.0,37.0,270.0,0.0,92.0
2025,1,MQ,Envoy Air,DFW,"Dallas/Fort Worth, TX: Dallas/Fort Worth International",5256.0,919.0,202.58,89.43,293.16,2.87,330.96,348.0,5.0,88395.0,25754.0,13925.0,16958.0,138.0,31620.0
2025,1,MQ,Envoy Air,IAH,"Houston, TX: George Bush Intercontinental/Houston",109.0,19.0,3.87,1.28,10.28,0.09,3.48,9.0,0.0,951.0,155.0,28.0,427.0,7.0,334.0
2025,1,MQ,Envoy Air,LAX,"Los Angeles, CA: Los Angeles International",12.0,0.0,0.0,0.0,0.0,0.0,0.0,0.0,0.0,0.0,0.0,0.0,0.0,0.0,0.0
2025,1,NK,Spirit Airlines,ATL,"Atlanta, GA: Hartsfield-Jackson Atlanta International",700.0,163.0,33.57,0.9,92.88,1.31,34.34,57.0,1.0,8023.0,1987.0,62.0,3759.0,49.0,2166.0
2025,1,NK,Spirit Airlines,AUS,"Austin, TX: Austin - Bergstrom International",65.0,9.0,0.65,0.0,8.35,0.0,0.0,0.0,0.0,282.0,18.0,0.0,264.0,0.0,0.0
2025,1,NK,Spirit Airlines,DFW,"Dallas/Fort Worth, TX: Dallas/Fort Worth International",646.0,156.0,30.84,2.78,88.07,1.32,32.98,29.0,3.0,9107.0,1782.0,124.0,4788.0,77.0,2336.0
2025,1,NK,Spirit Airlines,IAH,"Houston, TX: George Bush Intercontinental/Houston",731.0,154.0,45.34,2.97,74.25,1.02,30.42,37.0,1.0,9277.0,3237.0,160.0,3207.0,30.0,2643.0
2025,1,NK,Spirit Airlines,LAX,"Los Angeles, CA: Los Angeles International",789.0,139.0,42.53,5.16,59.13,1.02,31.17,24.0,2.0,8563.0,3344.0,313.0,3169.0,42.0,1695.0
2025,1,NK,Spirit Airlines,SAN,"San Diego, CA: San Diego International",177.0,21.0,3.88,0.0,11.01,0.0,6.12,3.0,0.0,1631.0,118.0,0.0,852.0,0.0,661.0
2025,1,OH,PSA Airlines Inc.,ATL,"Atlanta, GA: Hartsfield-Jackson Atlanta International",289.0,64.0,23.63,3.38,15.61,0.0,21.39,27.0,0.0,5144.0,1200.0,583.0,814.0,0.0,2547.0
2025,1,OH,PSA Airlines Inc.,DFW,"Dallas/Fort Worth, TX: Dallas/Fort Worth International",1109.0,309.0,79.18,17.85,98.67,0.87,112.43,98.0,0.0,27780.0,7528.0,2701.0,5326.0,135.0,12090.0
2025,1,OH,PSA Airlines Inc.,IAH,"Houston, TX: George Bush Intercontinental/Houston",7.0,3.0,0.04,1.12,0.81,0.0,1.02,0.0,0.0,533.0,1.0,345.0,154.0,0.0,33.0
2025,1,OO,SkyWest Airlines Inc.,ATL,"Atlanta, GA: Hartsfield-Jackson Atlanta International",739.0,197.0,123.03,38.67,35.11,0.19,0.0,61.0,0.0,25019.0,15568.0,6558.0,2889.0,4.0,0.0
2025,1,OO,SkyWest Airlines Inc.,AUS,"Austin, TX: Austin - Bergstrom International",493.0,95.0,54.67,12.05,17.2,0.0,11.08,11.0,0.0,6741.0,4518.0,467.0,863.0,0.0,893.0
2025,1,OO,SkyWest Airlines Inc.,DFW,"Dallas/Fort Worth, TX: Dallas/Fort Worth International",2423.0,526.0,286.84,82.77,86.88,0.13,69.37,176.0,3.0,57597.0,29772.0,12904.0,9913.0,2.0,5006.0
2025,1,OO,SkyWest Airlines Inc.,IAH,"Houston, TX: George Bush Intercontinental/Houston",903.0,178.0,92.8,11.62,23.88,0.0,49.7,70.0,1.0,17228.0,8405.0,1593.0,2161.0,0.0,5069.0
2025,1,OO,SkyWest Airlines Inc.,LAX,"Los Angeles, CA: Los Angeles International",3440.0,466.0,261.4,60.2,74.04,0.0,70.36,22.0,5.0,36620.0,17937.0,6809.0,5316.0,0.0,6558.0
2025,1,OO,SkyWest Airlines Inc.,SAN,"San Diego, CA: San Diego International",1128.0,251.0,89.06,29.29,48.61,0.0,84.04,20.0,4.0,16243.0,4187.0,3650.0,2563.0,0.0,5843.0
2025,1,OO,SkyWest Airlines Inc.,SFO,"San Francisco, CA: San Francisco International",2579.0,390.0,161.75,28.17,88.02,0.12,111.94,21.0,1.0,30752.0,11410.0,2432.0,6739.0,2.0,10169.0
2025,1,9E,Endeavor Air Inc.,ATL,"Atlanta, GA: Hartsfield-Jackson Atlanta International",3160.0,523.0,107.26,15.59,130.55,1.38,268.22,212.0,0.0,46500.0,12381.0,4293.0,7059.0,50.0,22717.0
2025,1,9E,Endeavor Air Inc.,DFW,"Dallas/Fort Worth, TX: Dallas/Fort Worth International",1.0,0.0,0.0,0.0,0.0,0.0,0.0,0.0,0.0,0.0,0.0,0.0,0.0,0.0,0.0
2025,1,AA,American Airlines Network,ATL,"Atlanta, GA: Hartsfield-Jackson Atlanta International",485.0,90.0,44.71,0.43,16.79,0.0,28.07,28.0,0.0,6016.0,2487.0,36.0,828.0,0.0,2665.0
2025,1,AA,American Airlines Network,AUS,"Austin, TX: Austin - Bergstrom International",981.0,187.0,66.15,11.98,46.35,0.51,62.01,34.0,1.0,19782.0,7870.0,4079.0,1953.0,22.0,5858.0
2025,1,AA,American Airlines Network,DFW,"Dallas/Fort Worth, TX: Dallas/Fort Worth International",13142.0,2647.0,667.18,129.84,1005.64,9.3,835.04,830.0,62.0,247076.0,78470.0,24642.0,54884.0,442.0,88638.0
2025,1,AA,American Airlines Network,IAH,"Houston, TX: George Bush Intercontinental/Houston",573.0,129.0,48.58,7.46,34.24,0.33,38.39,48.0,0.0,7782.0,2798.0,555.0,1642.0,9.0,2778.0
2025,1,AA,American Airlines Network,LAX,"Los Angeles, CA: Los Angeles International",2379.0,388.0,154.45,15.92,111.61,3.24,102.77,34.0,6.0,29893.0,14383.0,708.0,4255.0,127.0,10420.0
2025,1,AA,American Airlines Network,SAN,"San Diego, CA: San Diego International",720.0,161.0,52.14,7.32,59.49,0.26,41.79,20.0,8.0,9936.0,3026.0,1177.0,2947.0,8.0,2778.0
2025,1,AA,American Airlines Network,SFO,"San Francisco, CA: San Francisco International",864.0,151.0,62.74,7.42,33.36,0.46,47.02,16.0,2.0,10822.0,4158.0,1032.0,1505.0,31.0,4096.0
2025,1,AS,Alaska Airlines Network,ATL,"Atlanta, GA: Hartsfield-Jackson Atlanta International",84.0,19.0,3.47,0.68,11.71,0.0,3.14,3.0,0.0,881.0,210.0,34.0,475.0,0.0,162.0
2025,1,AS,Alaska Airlines Network,AUS,"Austin, TX: Austin - Bergstrom International",170.0,29.0,12.06,2.0,8.69,1.0,5.25,0.0,0.0,2371.0,1009.0,855.0,274.0,37.0,196.0
2025,1,AS,Alaska Airlines Network,DFW,"Dallas/Fort Worth, TX: Dallas/Fort Worth International",159.0,24.0,9.21,1.0,9.45,0.0,4.34,5.0,0.0,893.0,251.0,36.0,488.0,0.0,118.0
2025,1,AS,Alaska Airlines Network,IAH,"Houston, TX: George Bush Intercontinental/Houston",62.0,9.0,4.88,0.0,0.65,0.0,3.46,3.0,0.0,528.0,376.0,0.0,27.0,0.0,125.0
2025,1,AS,Alaska Airlines Network,LAX,"Los Angeles, CA: Los Angeles International",658.0,76.0,20.88,0.73,29.25,0.0,25.14,5.0,0.0,4362.0,1913.0,37.0,929.0,0.0,1483.0
2025,1,AS,Alaska Airlines Network,SAN,"San Diego, CA: San Diego International",738.0,146.0,39.67,6.4,61.57,3.81,34.54,10.0,5.0,7552.0,2543.0,527.0,2421.0,137.0,1924.0
2025,1,AS,Alaska Airlines Network,SFO,"San Francisco, CA: San Francisco International",782.0,172.0,41.2,4.83,65.41,5.98,54.58,1.0,0.0,7792.0,2474.0,268.0,2196.0,158.0,2696.0
2025,1,B6,JetBlue Airways,ATL,"Atlanta, GA: Hartsfield-Jackson Atlanta International",158.0,47.0,17.94,0.76,21.18,0.0,7.11,7.0,0.0,2304.0,953.0,56.0,795.0,0.0,500.0
2025,1,B6,JetBlue Airways,AUS,"Austin, TX: Austin - Bergstrom International",20.0,13.0,4.46,0.0,6.14,0.0,2.4,0.0,0.0,881.0,347.0,0.0,251.0,0.0,283.0
2025,1,B6,JetBlue Airways,DFW,"Dallas/Fort Worth, TX: Dallas/Fort Worth International",20.0,10.0,3.38,0.0,6.47,0.0,0.15,1.0,0.0,546.0,240.0,0.0,300.0,0.0,6.0
2025,1,B6,JetBlue Airways,IAH,"Houston, TX: George Bush Intercontinental/Houston",40.0,25.0,5.35,0.0,19.38,0.0,0.27,0.0,0.0,899.0,272.0,0.0,599.0,0.0,28.0
2025,1,B6,JetBlue Airways,LAX,"Los Angeles, CA: Los Angeles International",551.0,81.0,18.49,0.63,45.02,0.45,16.41,0.0,1.0,4261.0,723.0,65.0,1797.0,20.0,1656.0
2025,1,B6,JetBlue Airways,SAN,"San Diego, CA: San Diego International",123.0,20.0,7.12,0.96,11.86,0.0,0.06,0.0,1.0,764.0,270.0,47.0,443.0,0.0,4.0
2025,1,B6,JetBlue Airways,SFO,"San Francisco, CA: San Francisco International",336.0,49.0,17.57,1.0,22.11,0.0,8.32,0.0,1.0,2876.0,1234.0,18.0,731.0,0.0,893.0
2025,1,C5,CommuteAir LLC dba CommuteAir,AUS,"Austin, TX: Austin - Bergstrom International",1.0,0.0,0.0,0.0,0.0,0.0,0.0,0.0,0.0,0.0,0.0,0.0,0.0,0.0,0.0
2025,1,C5,CommuteAir LLC dba CommuteAir,IAH,"Houston, TX: George Bush Intercontinental/Houston",2017.0,311.0,83.11,13.98,97.43,0.0,116.49,150.0,11.0,32504.0,9351.0,2580.0,4299.0,0.0,16274.0
2025,1,DL,Delta Air Lines Network,ATL,"Atlanta, GA: Hartsfield-Jackson Atlanta International",17473.0,3161.0,951.7,154.42,862.69,0.79,1191.38,852.0,26.0,305779.0,109544.0,33782.0,70085.0,31.0,92337.0
2025,1,DL,Delta Air Lines Network,AUS,"Austin, TX: Austin - Bergstrom International",776.0,134.0,53.13,6.16,45.62,0.0,29.08,16.0,1.0,10991.0,6468.0,589.0,1700.0,0.0,2234.0
2025,1,DL,Delta Air Lines Network,DFW,"Dallas/Fort Worth, TX: Dallas/Fort Worth International",994.0,225.0,86.13,8.78,90.38,0.0,39.71,39.0,1.0,16782.0,7480.0,666.0,5304.0,0.0,3332.0
2025,1,DL,Delta Air Lines Network,IAH,"Houston, TX: George Bush Intercontinental/Houston",602.0,149.0,56.29,7.91,49.94,0.0,34.85,32.0,5.0,8675.0,3210.0,1125.0,2133.0,0.0,2207.0
2025,1,DL,Delta Air Lines Network,LAX,"Los Angeles, CA: Los Angeles International",2694.0,447.0,160.62,15.08,146.05,0.0,125.25,33.0,3.0,32744.0,14202.0,3331.0,5261.0,0.0,9950.0
2025,1,DL,Delta Air Lines Network,SAN,"San Diego, CA: San Diego International",705.0,124.0,37.32,10.21,49.97,0.0,26.5,6.0,7.0,8837.0,2297.0,1607.0,3171.0,0.0,1762.0
2025,1,DL,Delta Air Lines Network,SFO,"San Francisco, CA: San Francisco International",947.0,134.0,63.19,6.88,43.25,0.0,20.67,7.0,0.0,10276.0,5026.0,2349.0,1760.0,0.0,1141.0
2025,1,F9,Frontier Airlines,ATL,"Atlanta, GA: Hartsfield-Jackson Atlanta International",904.0,268.0,45.45,2.31,98.42,0.0,121.82,70.0,0.0,22101.0,4721.0,223.0,4261.0,0.0,12896.0
2025,1,F9,Frontier Airlines,AUS,"Austin, TX: Austin - Bergstrom International",76.0,23.0,8.16,0.76,8.42,0.0,5.66,2.0,0.0,1101.0,459.0,57.0,292.0,0.0,293.0
2025,1,F9,Frontier Airlines,DFW,"Dallas/Fort Worth, TX: Dallas/Fort Worth International",627.0,188.0,38.25,5.09,61.58,0.0,83.08,46.0,2.0,14929.0,3999.0,554.0,3352.0,0.0,7024.0
2025,1,F9,Frontier Airlines,IAH,"Houston, TX: George Bush Intercontinental/Houston",313.0,117.0,25.16,2.21,61.31,0.0,28.32,23.0,0.0,8053.0,2850.0,92.0,2742.0,0.0,2369.0
2025,1,F9,Frontier Airlines,LAX,"Los Angeles, CA: Los Angeles International",415.0,81.0,21.85,1.46,19.12,0.0,38.57,6.0,0.0,4800.0,1497.0,83.0,715.0,0.0,2505.0
2025,1,F9,Frontier Airlines,SAN,"San Diego, CA: San Diego International",212.0,40.0,8.29,1.05,11.8,0.0,18.86,2.0,3.0,2983.0,602.0,38.0,899.0,0.0,1444.0
2025,1,F9,Frontier Airlines,SFO,"San Francisco, CA: San Francisco International",375.0,81.0,18.9,1.82,22.95,0.0,37.33,0.0,0.0,5184.0,1447.0,71.0,948.0,0.0,2718.0
2025,1,G4,Allegiant Air,AUS,"Austin, TX: Austin - Bergstrom International",42.0,17.0,4.08,0.5,5.66,0.0,6.76,0.0,0.0,1722.0,876.0,13.0,223.0,0.0,610.0
2025,1,QX,Horizon Air,LAX,"Los Angeles, CA: Los Angeles International",439.0,78.0,13.55,1.3,28.32,0.0,34.83,10.0,0.0,4557.0,1271.0,88.0,853.0,0.0,2345.0
2025,1,QX,Horizon Air,SAN,"San Diego, CA: San Diego International",173.0,42.0,8.0,1.15,7.11,0.0,25.75,2.0,0.0,2095.0,319.0,100.0,335.0,0.0,1341.0
2025,1,QX,Horizon Air,SFO,"San Francisco, CA: San Francisco International",329.0,72.0,13.0,1.79,24.22,1.0,31.99,7.0,0.0,4356.0,842.0,63.0,1413.0,45.0,1993.0
2025,1,UA,United Air Lines Network,ATL,"Atlanta, GA: Hartsfield-Jackson Atlanta International",567.0,108.0,41.69,4.0,35.75,0.0,26.57,31.0,1.0,6862.0,2659.0,345.0,1304.0,0.0,2554.0
2025,1,UA,United Air Lines Network,AUS,"Austin, TX: Austin - Bergstrom International",721.0,153.0,56.51,1.51,53.71,0.0,41.27,15.0,0.0,7991.0,3521.0,84.0,1941.0,0.0,2445.0
2025,1,UA,United Air Lines Network,DFW,"Dallas/Fort Worth, TX: Dallas/Fort Worth International",748.0,132.0,42.3,1.91,54.59,0.0,33.2,32.0,5.0,8983.0,2218.0,315.0,3154.0,0.0,3296.0
2025,1,UA,United Air Lines Network,IAH,"Houston, TX: George Bush Intercontinental/Houston",5861.0,1006.0,316.83,26.5,449.04,0.0,213.64,305.0,20.0,66588.0,21122.0,2587.0,22171.0,0.0,20708.0
2025,1,UA,United Air Lines Network,LAX,"Los Angeles, CA: Los Angeles International",2157.0,316.0,121.43,6.7,107.95,0.0,79.93,20.0,8.0,23606.0,12169.0,386.0,3650.0,0.0,7401.0
2025,1,UA,United Air Lines Network,SAN,"San Diego, CA: San Diego International",794.0,117.0,38.53,8.5,40.9,0.0,29.07,8.0,9.0,7031.0,1731.0,1036.0,2116.0,0.0,2148.0
2025,1,UA,United Air Lines Network,SFO,"San Francisco, CA: San Francisco International",4293.0,538.0,208.46,21.66,166.01,0.0,141.87,46.0,2.0,36261.0,13219.0,1221.0,6582.0,0.0,15239.0
2025,1,WN,Southwest Airlines,ATL,"Atlanta, GA: Hartsfield-Jackson Atlanta International",2293.0,342.0,101.79,7.01,108.59,2.44,122.18,130.0,0.0,17772.0,5713.0,1063.0,5341.0,120.0,5535.0
2025,1,WN,Southwest Airlines,AUS,"Austin, TX: Austin - Bergstrom International",2733.0,427.0,121.72,6.51,116.46,1.3,181.01,65.0,0.0,22364.0,6840.0,551.0,4102.0,40.0,10831.0
2025,1,WN,Southwest Airlines,LAX,"Los Angeles, CA: Los Angeles International",1820.0,248.0,88.79,4.49,25.89,0.13,128.7,26.0,3.0,14864.0,5897.0,297.0,937.0,7.0,7726.0
2025,1,WN,Southwest Airlines,SAN,"San Diego, CA: San Diego International",2521.0,396.0,122.2,8.49,80.63,0.3,184.39,41.0,14.0,21291.0,6401.0,824.0,4248.0,14.0,9804.0
2025,1,WN,Southwest Airlines,SFO,"San Francisco, CA: San Francisco International",591.0,118.0,39.53,1.35,32.64,0.0,44.48,1.0,0.0,6032.0,2115.0,66.0,1273.0,0.0,2578.0
2025,1,YV,Mesa Airlines Inc.,ATL,"Atlanta, GA: Hartsfield-Jackson Atlanta International",43.0,6.0,2.96,0.43,1.63,0.0,0.99,3.0,0.0,352.0,162.0,35.0,72.0,0.0,83.0
2025,1,YV,Mesa Airlines Inc.,AUS,"Austin, TX: Austin - Bergstrom International",75.0,20.0,9.46,0.81,5.38,0.0,4.34,2.0,1.0,1643.0,837.0,156.0,263.0,0.0,387.0
2025,1,YV,Mesa Airlines Inc.,DFW,"Dallas/Fort Worth, TX: Dallas/Fort Worth International",122.0,22.0,9.93,2.62,3.09,0.0,6.36,10.0,0.0,2303.0,689.0,991.0,230.0,0.0,393.0
2025,1,YV,Mesa Airlines Inc.,IAH,"Houston, TX: George Bush Intercontinental/Houston",2338.0,371.0,101.74,4.42,176.45,0.0,88.39,207.0,15.0,25647.0,8734.0,453.0,6687.0,0.0,9773.0
2025,1,YX,Republic Airline,ATL,"Atlanta, GA: Hartsfield-Jackson Atlanta International",88.0,10.0,3.93,0.0,4.58,0.0,1.49,7.0,0.0,323.0,168.0,0.0,102.0,0.0,53.0
2025,1,YX,Republic Airline,AUS,"Austin, TX: Austin - Bergstrom International",15.0,2.0,0.1,0.17,0.81,0.0,0.93,0.0,0.0,251.0,10.0,25.0,89.0,0.0,127.0
2025,1,YX,Republic Airline,DFW,"Dallas/Fort Worth, TX: Dallas/Fort Worth International",1.0,0.0,0.0,0.0,0.0,0.0,0.0,0.0,0.0,0.0,0.0,0.0,0.0,0.0,0.0
2025,1,YX,Republic Airline,IAH,"Houston, TX: George Bush Intercontinental/Houston",56.0,18.0,1.85,0.12,11.51,0.0,4.52,3.0,0.0,888.0,154.0,6.0,444.0,0.0,284.0
